variant_id,layer,baseline_sharpe,ablated_sharpe,marginal_oos_sharpe,baseline_turnover_cost,ablated_turnover_cost,turnover_cost_delta,baseline_ann_return,ablated_ann_return,ann_return_delta,baseline_max_drawdown,ablated_max_drawdown,notes
baseline,baseline,0.9535975491028562,0.9535975491028562,0.0,0.001454364711284508,0.001454364711284508,0.0,0.12859843769206458,0.12859843769206458,0.0,-0.3454603446293383,-0.3454603446293383,Existing baseline walk-forward run.
no_regime,regime,0.9535975491028562,0.9535975491028689,-1.2656542480726785e-14,0.001454364711284508,0.001454364711284569,-6.114900252818245e-17,0.12859843769206458,0.12859843769206636,-1.7763568394002505e-15,-0.3454603446293383,-0.3454603446293393,Leave-one-out ablation for no_regime.
no_trend,trend,0.9535975491028562,0.9535975491028689,-1.2656542480726785e-14,0.001454364711284508,0.001454364711284569,-6.114900252818245e-17,0.12859843769206458,0.12859843769206636,-1.7763568394002505e-15,-0.3454603446293383,-0.3454603446293393,Leave-one-out ablation for no_trend.
no_momo,momo,0.9535975491028562,0.9535975491028689,-1.2656542480726785e-14,0.001454364711284508,0.001454364711284569,-6.114900252818245e-17,0.12859843769206458,0.12859843769206636,-1.7763568394002505e-15,-0.3454603446293383,-0.3454603446293393,Leave-one-out ablation for no_momo.
