variant_id,layer,baseline_sharpe,ablated_sharpe,marginal_oos_sharpe,baseline_turnover_cost,ablated_turnover_cost,turnover_cost_delta,baseline_ann_return,ablated_ann_return,ann_return_delta,baseline_max_drawdown,ablated_max_drawdown,notes
baseline,baseline,1.2058497869793914,1.2058497869793914,0.0,0.04010030318387628,0.04010030318387628,0.0,0.1379457339783512,0.1379457339783512,0.0,-0.2746073631039061,-0.2746073631039061,Existing baseline walk-forward run.
no_regime,regime,1.2058497869793914,1.2061035494448733,-0.0002537624654819215,0.04010030318387628,0.04066372496623882,-0.0005634217823625443,0.1379457339783512,0.1385365455182339,-0.0005908115398827185,-0.2746073631039061,-0.2772199945769581,Leave-one-out ablation for no_regime.
no_trend,trend,1.2058497869793914,1.2117644363697082,-0.0059146493903168285,0.04010030318387628,0.03933716363393493,0.0007631395499413524,0.1379457339783512,0.14016223123209648,-0.0022164972537452865,-0.2746073631039061,-0.27840058567846115,Leave-one-out ablation for no_trend.
no_momo,momo,1.2058497869793914,1.2011409512568378,0.004708835722553539,0.04010030318387628,0.03971351134179673,0.00038679184207954936,0.1379457339783512,0.13816995962183132,-0.00022422564348012486,-0.2746073631039061,-0.27662259663236954,Leave-one-out ablation for no_momo.
no_timesfm,timesfm,1.2058497869793914,1.1077355192905527,0.09811426768883869,0.04010030318387628,0.033414003422431594,0.006686299761444685,0.1379457339783512,0.14440005291890357,-0.006454318940552373,-0.2746073631039061,-0.3129200456100022,Leave-one-out ablation for no_timesfm.
