Run,Ann. Return,Ann. Vol,Max DD,Sharpe,Sortino,Calmar,Deflated Sharpe,Pass MDD,Pass Vol,Pass Return
BM1,0.0535814122734255,0.0963507188549792,-0.3391445433452612,0.3485330745063772,0.4893438203809117,0.1579898993653503,0.30819494808730274,N,Y,N
BM2,0.0785949641573706,0.0958572253364553,-0.3523146971427419,0.611273317704581,0.8543949334149152,0.223081707333735,0.7461934617025987,N,Y,N
Baseline,0.1442214245990221,0.1122493473457267,-0.3150906035504397,1.1066560967737438,1.65111336464843,0.4577141399138394,0.998419417666453,N,Y,Y
TimesFM VB10,0.146193209154174,0.1134419126758929,-0.27953403898128,1.1124037507610778,1.6141187975070623,0.5229889343242535,0.998279561284943,N,Y,Y
TimesFM VB08,0.1379457339783512,0.0978112989295298,-0.2746073631039061,1.2058497869793914,1.755759822855954,0.502338074329621,0.9995933619669866,N,Y,Y
TimesFM VB07,0.1091475443803215,0.084391957477522,-0.2755835523187683,1.056351186119438,1.5107133454303832,0.3960597193190626,0.9955062126135932,N,Y,Y
TimesFM Regime VB,0.1351718960938219,0.1040433868884624,-0.2755830043681949,1.106960274344871,1.6236256882889109,0.4904943118815282,0.9983053715304715,N,Y,Y
TimesFM Regime + DD,0.1351719082824125,0.1040433856377918,-0.2755830043681949,1.1069604048003838,1.6236258851497818,0.4904943561099109,0.9983053747267465,N,Y,Y
