Run,Ann. Return,Ann. Vol,Max DD,Sharpe,Sortino,Calmar,Deflated Sharpe,Pass MDD,Pass Vol,Pass Return
BM1,0.0535814122734255,0.0963507188549792,-0.3391445433452612,0.3485330745063772,0.4893438203809117,0.1579898993653503,1.0,N,Y,N
BM2,0.0785949641573706,0.0958572253364553,-0.3523146971427419,0.611273317704581,0.8543949334149152,0.223081707333735,1.0,N,Y,N
Baseline,0.1285984376920645,0.1138828825579867,-0.3454603446293383,0.9535975491028562,1.3913207743439906,0.372252386391973,1.0,N,Y,Y
TimesFM VB10,0.1285984376920645,0.1138828825579867,-0.3454603446293383,0.9535975491028562,1.3913207743439906,0.372252386391973,1.0,N,Y,Y
TimesFM VB08,0.1285984376920645,0.1138828825579867,-0.3454603446293383,0.9535975491028562,1.3913207743439906,0.372252386391973,1.0,N,Y,Y
TimesFM VB07,0.1285984376920645,0.1138828825579867,-0.3454603446293383,0.9535975491028562,1.3913207743439906,0.372252386391973,1.0,N,Y,Y
TimesFM Regime VB,0.1285984376920645,0.1138828825579867,-0.3454603446293383,0.9535975491028562,1.3913207743439906,0.372252386391973,1.0,N,Y,Y
TimesFM Regime + DD,0.1285984376920645,0.1138828825579867,-0.3454603446293383,0.9535975491028562,1.3913207743439906,0.372252386391973,1.0,N,Y,Y
