{
  "all_constraints_passed": false,
  "ann_return": 0.1379457339783512,
  "ann_vol": 0.0978112989295298,
  "beats_bm2_on_dsr": true,
  "bm1_max_dd": -0.3391445433452612,
  "bm2_dsr": 0.7461934617025987,
  "bm2_max_dd": -0.3523146971427419,
  "calmar": 0.502338074329621,
  "decision_rule": "rule_3_smallest_mdd_breach",
  "deflated_sharpe": 0.9995933619669866,
  "display_name": "TimesFM VB08",
  "max_dd": -0.2746073631039061,
  "mdd_breach_bps": 246.07363103906098,
  "mdd_improvement_bps_vs_bm2": 777.0733403883578,
  "mdd_improvement_bps_vs_saa": 3433.088395317674,
  "n_tested_configurations": 6,
  "pass_mdd": false,
  "pass_return": true,
  "pass_vol": true,
  "run_id": "timesfm_vb08",
  "saa_max_dd": -0.6179162026356735,
  "sharpe": 1.2058497869793914,
  "sortino": 1.755759822855954
}