{
  "all_constraints_passed": false,
  "ann_return": 0.1285984376920645,
  "ann_vol": 0.1138828825579867,
  "beats_bm2_on_dsr": false,
  "bm1_max_dd": -0.3391445433452612,
  "bm2_dsr": 1.0,
  "bm2_max_dd": -0.3523146971427419,
  "calmar": 0.372252386391973,
  "decision_rule": "rule_3_smallest_mdd_breach",
  "deflated_sharpe": 1.0,
  "display_name": "Baseline",
  "max_dd": -0.3454603446293383,
  "mdd_breach_bps": 954.6034462933828,
  "mdd_improvement_bps_vs_bm2": 68.54352513403606,
  "mdd_improvement_bps_vs_saa": 2724.558580063352,
  "n_tested_configurations": 6,
  "pass_mdd": false,
  "pass_return": true,
  "pass_vol": true,
  "run_id": "baseline",
  "saa_max_dd": -0.6179162026356735,
  "sharpe": 0.9535975491028562,
  "sortino": 1.3913207743439906
}