{
  "all_constraints_passed": false,
  "ann_return": 0.057038772851228714,
  "ann_vol": 0.0513736866414547,
  "beats_bm2_on_dsr": true,
  "bm1_max_dd": -0.3391445577144623,
  "bm2_dsr": 0.6648844480514526,
  "bm2_max_dd": -0.35231471061706543,
  "calmar": 0.3437158465385437,
  "decision_rule": "rule_2_mdd_only",
  "deflated_sharpe": 0.8157328367233276,
  "display_name": "TimesFM Regime VB",
  "max_dd": -0.16594745218753815,
  "mdd_breach_bps": 0.0,
  "mdd_improvement_bps_vs_bm2": 1863.6725842952728,
  "mdd_improvement_bps_vs_saa": 4519.687741994858,
  "n_tested_configurations": 13,
  "pass_mdd": true,
  "pass_return": false,
  "pass_vol": true,
  "run_id": "timesfm_regime_vb",
  "saa_max_dd": -0.6179162263870239,
  "sharpe": 0.720967710018158,
  "sortino": 1.0786173343658447
}