variant_id,layer,baseline_sharpe,ablated_sharpe,marginal_oos_sharpe,baseline_turnover_cost,ablated_turnover_cost,turnover_cost_delta,baseline_ann_return,ablated_ann_return,ann_return_delta,baseline_max_drawdown,ablated_max_drawdown,notes
baseline,baseline,1.106960274344871,1.106960274344871,0.0,0.05016704470010843,0.05016704470010843,0.0,0.13517189609382196,0.13517189609382196,0.0,-0.27558300436819494,-0.27558300436819494,Existing baseline walk-forward run.
no_regime,regime,1.106960274344871,1.1036941305059471,0.003266143838923874,0.05016704470010843,0.04900862529254523,0.0011584194075631993,0.13517189609382196,0.13451863073557013,0.0006532653582518311,-0.27558300436819494,-0.276924629798981,Leave-one-out ablation for no_regime.
no_trend,trend,1.106960274344871,1.1254875663100015,-0.018527291965130477,0.05016704470010843,0.04879895277093638,0.0013680919291720536,0.13517189609382196,0.1376486604530971,-0.00247676435927513,-0.27558300436819494,-0.2777836193740977,Leave-one-out ablation for no_trend.
no_momo,momo,1.106960274344871,1.1123868122484784,-0.005426537903607365,0.05016704470010843,0.04841119881000597,0.001755845890102463,0.13517189609382196,0.1356422465051066,-0.00047035041128462574,-0.27558300436819494,-0.27697962815502564,Leave-one-out ablation for no_momo.
no_timesfm,timesfm,1.106960274344871,1.0738026765210813,0.033157597823789686,0.05016704470010843,0.032690214803246465,0.017476829896861966,0.13517189609382196,0.14400888686888202,-0.00883699077506006,-0.27558300436819494,-0.35810710953693725,Leave-one-out ablation for no_timesfm.
