variant_id,layer,baseline_sharpe,ablated_sharpe,marginal_oos_sharpe,baseline_turnover_cost,ablated_turnover_cost,turnover_cost_delta,baseline_ann_return,ablated_ann_return,ann_return_delta,baseline_max_drawdown,ablated_max_drawdown,notes
baseline,baseline,1.056351186119438,1.056351186119438,0.0,0.019777507573568078,0.019777507573568078,0.0,0.10914754438032159,0.10914754438032159,0.0,-0.2755835523187683,-0.2755835523187683,Existing baseline walk-forward run.
no_regime,regime,1.056351186119438,1.0563751975416007,-2.401142216279517e-05,0.019777507573568078,0.0198372258011802,-5.9718227612120395e-05,0.10914754438032159,0.10926271682933941,-0.00011517244901781964,-0.2755835523187683,-0.2769247816444361,Leave-one-out ablation for no_regime.
no_trend,trend,1.056351186119438,1.0688395783349458,-0.012488392215507904,0.019777507573568078,0.019425224634443336,0.00035228293912474215,0.10914754438032159,0.11077730610102732,-0.0016297617207057247,-0.2755835523187683,-0.2777835417745914,Leave-one-out ablation for no_trend.
no_momo,momo,1.056351186119438,1.0564262372931454,-7.5051173707541e-05,0.019777507573568078,0.019748357848750425,2.914972481765296e-05,0.10914754438032159,0.10948790898374394,-0.00034036460342234953,-0.2755835523187683,-0.27697913031196375,Leave-one-out ablation for no_momo.
no_timesfm,timesfm,1.056351186119438,1.1182679131520463,-0.06191672703260842,0.019777507573568078,0.025914929344654298,-0.00613742177108622,0.10914754438032159,0.14678407148007722,-0.03763652709975562,-0.2755835523187683,-0.31446453720013456,Leave-one-out ablation for no_timesfm.
