variant_id,layer,baseline_sharpe,ablated_sharpe,marginal_oos_sharpe,baseline_turnover_cost,ablated_turnover_cost,turnover_cost_delta,baseline_ann_return,ablated_ann_return,ann_return_delta,baseline_max_drawdown,ablated_max_drawdown,notes
baseline,baseline,0.7209675161612236,0.7209675161612236,0.0,0.007591136832275361,0.007591136832275361,0.0,0.057038760430264235,0.057038760430264235,0.0,-0.16594745467595973,-0.16594745467595973,Existing baseline walk-forward run.
no_regime,regime,0.7209675161612236,0.7209643443234808,3.171837742788064e-06,0.007591136832275361,0.00759099808637085,1.3874590451025404e-07,0.057038760430264235,0.05703865798954788,1.024407163541241e-07,-0.16594745467595973,-0.1659513279219622,Leave-one-out ablation for no_regime.
no_trend,trend,0.7209675161612236,0.7209040640374562,6.34521237673491e-05,0.007591136832275361,0.00759294940298141,-1.8125707060496002e-06,0.057038760430264235,0.05703525390038888,3.506529875352271e-06,-0.16594745467595973,-0.16595499391702484,Leave-one-out ablation for no_trend.
no_momo,momo,0.7209675161612236,0.7209178470877233,4.966907350023586e-05,0.007591136832275361,0.007592347094602657,-1.2102623272959231e-06,0.057038760430264235,0.0570363064009245,2.4540293397379287e-06,-0.16594745467595973,-0.16595254502362766,Leave-one-out ablation for no_momo.
no_timesfm,timesfm,0.7209675161612236,1.0555266954473437,-0.3345591792861201,0.007591136832275361,0.031672973529414686,-0.024081836697139324,0.057038760430264235,0.14079003979031235,-0.08375127936004811,-0.16594745467595973,-0.358107362240939,Leave-one-out ablation for no_timesfm.
