variant_id,layer,baseline_sharpe,ablated_sharpe,marginal_oos_sharpe,baseline_turnover_cost,ablated_turnover_cost,turnover_cost_delta,baseline_ann_return,ablated_ann_return,ann_return_delta,baseline_max_drawdown,ablated_max_drawdown,notes
baseline,baseline,1.1124037507610778,1.1124037507610778,0.0,0.05450159579026791,0.05450159579026791,0.0,0.146193209154174,0.146193209154174,0.0,-0.27953403898128004,-0.27953403898128004,Existing baseline walk-forward run.
no_regime,regime,1.1124037507610778,1.1072360991519872,0.005167651609090607,0.05450159579026791,0.05360690056855855,0.0008946952217093532,0.146193209154174,0.14530439262626604,0.0008888165279079541,-0.27953403898128004,-0.2853844751119603,Leave-one-out ablation for no_regime.
no_trend,trend,1.1124037507610778,1.1097645698240781,0.0026391809369996633,0.05450159579026791,0.05321737661417271,0.001284219176095197,0.146193209154174,0.14688330274926198,-0.0006900935950879816,-0.27953403898128004,-0.2880068613483733,Leave-one-out ablation for no_trend.
no_momo,momo,1.1124037507610778,1.1078262653580504,0.0045774854030273815,0.05450159579026791,0.0528126671972768,0.0016889285929911069,0.146193209154174,0.14577786684830385,0.00041534230587014775,-0.27953403898128004,-0.282704180268743,Leave-one-out ablation for no_momo.
no_timesfm,timesfm,1.1124037507610778,1.1066560967737524,0.005747653987325352,0.05450159579026791,0.033521422600890874,0.020980173189377033,0.146193209154174,0.14422142459902365,0.0019717845551503466,-0.27953403898128004,-0.31509060355044016,Leave-one-out ablation for no_timesfm.
